id,url,tags,categorias,notas,fecha_ingesta,fuente
b054c58e76c82191,https://molinolab.org/wp-admin/post.php?post=10155&action=edit,,,,2026-03-24T17:36:28.767412,telegram_url_suelta
b59259ba566f010a,http://daydream.live,,,,2026-03-28T11:43:16.936292,telegram_comando
7a82d261e74ed3ee,https://culturayciudadania.cultura.gob.es/ayudas.html?utm_source=ig&utm_medium=social&utm_content=link_in_bio&fbclid=PAdGRzdgQ30wxleHRuA2FlbQIxMQBzcnRjBmFwcF9pZA81NjcwNjczNDMzNTI0MjcAAacdBEOlZoyYjokRB6DAQXZzZmRztL8Frml-d37DeuHKq8Ezp9c3v1y0pb9ZfA_aem_hgmA10NS3rq2VOvGr9DZlg,,,,2026-03-30T22:06:02.565130,telegram_url_suelta
61c5d7feca4cea22,https://artificialanalysis.ai,,,,2026-04-08T13:50:00.162393,telegram_url_suelta
98a93a9846cb6fcb,https://www.boiteachansons.net/Partitions/Chico-Buarque/partido-alto,,,,2026-04-08T22:18:34.050007,telegram_url_suelta
8f1a791ef8b53ef5,https://kuaishen.tv/,,,,2026-04-10T06:43:05.337381,telegram_url_suelta
741d7ca078614863,https://www.aepga.pt/,,,,2026-04-10T06:44:31.102692,telegram_url_suelta
190983b9b9cf1449,https://www.instituteforpostnaturalstudies.org/,,,,2026-04-10T06:44:56.048637,telegram_url_suelta
8897cbe60b4af7ae,https://laboratoriobiomimetico.com/actividades/,,,,2026-04-10T06:45:35.687330,telegram_url_suelta
37c19bf01639b81c,https://nexodos.art/,,,,2026-04-10T06:46:12.417166,telegram_url_suelta
11108dada3f0dcb2,https://lara-campos.com/,,,,2026-04-10T06:46:44.570805,telegram_url_suelta
a622d635f8fafac0,http://www.konvent.cat/es/,,,,2026-04-10T06:47:01.162589,telegram_url_suelta
8731e70922bebc92,https://mosaic.uoc.edu/2025/12/02/ecos-del-ars-electronica-2025/,,,,2026-04-10T06:47:43.236745,telegram_url_suelta
9ae9306647a8786f,https://gainforest.earth/,,,,2026-04-10T07:18:53.885421,telegram_url_suelta
b303c621a6ed9928,https://bragamediaarts.com/en/homepage/,,,,2026-04-10T07:19:10.112069,telegram_url_suelta
1859447a725dd66d,https://www.federicoponi.it/,,,,2026-04-10T07:19:41.326785,telegram_url_suelta
20e08bf4f8f7dbd6,https://fabcity.hamburg/,,,,2026-04-10T07:19:57.279968,telegram_url_suelta
9cc2e828591a8408,https://oscilloscopemusic.com/software/,,,,2026-04-10T07:20:12.053957,telegram_url_suelta
9df961167de22b17,https://zachpoff.com/,,,,2026-04-10T07:22:26.454700,telegram_url_suelta
4f8373094a6dfe26,https://bioartsociety.fi/,,,,2026-04-10T07:22:53.576466,telegram_url_suelta
f068eab2be2c1bff,https://brianhouse.net/,,,,2026-04-10T07:24:00.353736,telegram_url_suelta
2ec5b2c9cbb94214,https://wiki.ljudmila.org/Naslovnica,,,,2026-04-10T07:24:39.861750,telegram_url_suelta
4b7148d47ec0732b,https://www.makery.info/en/,,,,2026-04-10T07:25:56.989453,telegram_url_suelta
3ae1545e79ddfa04,https://martademenezes.com/,,,,2026-04-10T07:26:59.481578,telegram_url_suelta
5632775b147893da,https://ferallabs.net/,,,,2026-04-10T07:27:15.713749,telegram_url_suelta
0f160d1a11be44ef,https://disenoydiaspora.org/,,,,2026-04-10T07:27:41.112805,telegram_url_suelta
d2e4d1f717079642,https://komons.org/es,,,,2026-04-10T07:28:00.765938,telegram_url_suelta
f1e725eb9d80065f,https://www.educomelles.com/?m=1,,,,2026-04-10T07:28:48.557281,telegram_url_suelta
4fcdae6728ab2212,https://solarprotocol.net/,,,,2026-04-10T07:29:47.789875,telegram_url_suelta
d7ebb6dd90bf1657,https://emilsteixner.at/,,,,2026-04-10T07:30:23.327492,telegram_url_suelta
030fe72211ed32b3,https://lowcarbon.lingql.com/chinatown,,,,2026-04-10T07:30:45.775916,telegram_url_suelta
116a981286dcfe31,http://www.meiac.es/index.php,,,,2026-04-10T07:31:57.385079,telegram_url_suelta
ca59dca6e857cac1,https://christianmioloclair.com/,,,,2026-04-11T19:03:16.715671,telegram_url_suelta
a0dcd0948e2aff92,https://www.victoriakeddie.com,,,,2026-04-12T13:19:45.628010,telegram_url_suelta
c9f1ff8cef848891,https://wavefarm.org,,,,2026-04-12T13:19:53.582506,telegram_url_suelta
05e745fed5a6380a,https://new-ear.org,,,,2026-04-12T13:20:11.796707,telegram_url_suelta
64547f1e43757ff8,https://www.spatialsoundlab.org,,,,2026-04-12T13:20:16.556881,telegram_url_suelta
9200c919767621f8,https://www.cultura.gob.es/cultura/derechos-culturales/ayudas-dgddcc/ayudas-impacto-social.html?utm_source=ig&utm_medium=social&utm_content=link_in_bio&fbclid=PAdGRzdgRLEilleHRuA2FlbQIxMQBzcnRjBmFwcF9pZA81NjcwNjczNDMzNTI0MjcAAaekpikdu_e_MtGrQKqDpEHijJWAuc_KQKACVmaUUlmqaTy3X-KUVchzDz7kkg_aem_fBChbqlejUgd0_iJrYT04A,,,,2026-04-14T12:28:22.696803,telegram_url_suelta
77fd69b654a213d8,https://www.aidi.es/,,,,2026-04-20T13:27:55.099199,telegram_url_suelta
5423e4d411eb67e0,https://www.cultura.gob.es/servicios-a-la-ciudadania/catalogo/general/31/3190334/ficha/3190334-2026.html?utm_source=ig&utm_medium=social&utm_content=link_in_bio&fbclid=PAdGRzdgRp4IpleHRuA2FlbQIxMQBzcnRjBmFwcF9pZA81NjcwNjczNDMzNTI0MjcAAadnKJck-WsEwCcYmsKbSwNorhPVulvZtvepRwIhaKOBnItK2xgI0IxVA_NbAg_aem_wnpugKHUidJmMiWPXd3YcA,,,,2026-05-07T21:17:03.793550,telegram_url_suelta
92c68ce606ba826b,https://berlinscienceweek.com/call-participation?utm_source=ig&utm_medium=social&utm_content=link_in_bio&fbclid=PAdGRzdgRp4RRleHRuA2FlbQIxMQBzcnRjBmFwcF9pZA81NjcwNjczNDMzNTI0MjcAAacXGky2cSwH68LvoJ5iH101VLD1N4edlGo27VC3nM9_TmE91xmGEM0DFWEJhw_aem_JDop6Dp87CMR15mmwrIg9A,,,,2026-05-07T21:19:09.569950,telegram_url_suelta
ada4660b100c0ba5,https://www.tramitacastillayleon.jcyl.es/web/jcyl/AdministracionElectronica/es/Plantilla100Detalle/1251181050732/Ayuda012/1285640438356/Propuesta,,,,2026-05-20T13:06:16.950596,telegram_url_suelta
635b51c852e75066,https://once.com/writebook,,,,2026-05-20T21:06:18.222505,telegram_url_suelta
1eed07bfbef53d60,http://n8n,,,,2026-07-24T11:03:11.693545,telegram_url_suelta
f8466e1696571b32,https://etextile-summercamp.org/,,,,2026-07-29T23:15:23.331477,telegram_url_suelta
51ac82285e9e80d3,https://www.electricwonderland.com.au/,,,,2026-07-29T23:15:49.590706,telegram_url_suelta
8b2e34f0316149a5,https://schmiedehallein.com/,,,,2026-07-31T11:36:23.611992,telegram_url_suelta
49a29db45cd5d8d2,https://www.teddavis.org/p5live/,,,,2026-08-01T12:38:14.831780,telegram_url_suelta
465850ea3c206691,https://www.thingiverse.com/thing:120555,,,,2026-08-01T13:27:42.569397,telegram_url_suelta
17c2891e31fb36a9,https://whitefeatherhunter.net/2025/09/12/upcoming-sept-2025-taboo-transgression-transcendence-in-art-science-ljubljana-si/,,,,2026-08-03T19:45:58.305673,telegram_url_suelta
9e230e46e6820579,https://youraislopboresme.com,,,,2026-08-16T11:52:06.578687,telegram_url_suelta
d37191e1d51df701,https://mariovaldes.com,,,,2026-08-19T10:54:23.748241,telegram_url_suelta
c0c1e5d0ea085788,https://permaculturalacaraba.es/,,,,2026-08-20T18:26:05.570063,telegram_url_suelta
